{
  "hash": "475774a8",
  "configHash": "b7875816",
  "lockfileHash": "62255b5e",
  "browserHash": "4d86559d",
  "optimized": {
    "@angular/common": {
      "src": "../../../../../../node_modules/@angular/common/fesm2022/common.mjs",
      "file": "@angular_common.js",
      "fileHash": "d8a49919",
      "needsInterop": false
    },
    "@angular/common/http": {
      "src": "../../../../../../node_modules/@angular/common/fesm2022/http.mjs",
      "file": "@angular_common_http.js",
      "fileHash": "c55df744",
      "needsInterop": false
    },
    "@angular/core": {
      "src": "../../../../../../node_modules/@angular/core/fesm2022/core.mjs",
      "file": "@angular_core.js",
      "fileHash": "f461d065",
      "needsInterop": false
    },
    "@angular/forms": {
      "src": "../../../../../../node_modules/@angular/forms/fesm2022/forms.mjs",
      "file": "@angular_forms.js",
      "fileHash": "5bb63e85",
      "needsInterop": false
    },
    "@angular/platform-browser": {
      "src": "../../../../../../node_modules/@angular/platform-browser/fesm2022/platform-browser.mjs",
      "file": "@angular_platform-browser.js",
      "fileHash": "bb31299c",
      "needsInterop": false
    },
    "@angular/router": {
      "src": "../../../../../../node_modules/@angular/router/fesm2022/router.mjs",
      "file": "@angular_router.js",
      "fileHash": "9db86f96",
      "needsInterop": false
    },
    "@capacitor/camera": {
      "src": "../../../../../../node_modules/@capacitor/camera/dist/esm/index.js",
      "file": "@capacitor_camera.js",
      "fileHash": "8b5600d6",
      "needsInterop": false
    },
    "@capacitor/geolocation": {
      "src": "../../../../../../node_modules/@capacitor/geolocation/dist/esm/index.js",
      "file": "@capacitor_geolocation.js",
      "fileHash": "7e220fe0",
      "needsInterop": false
    },
    "@ionic/angular": {
      "src": "../../../../../../node_modules/@ionic/angular/fesm2022/ionic-angular.mjs",
      "file": "@ionic_angular.js",
      "fileHash": "9a160e6e",
      "needsInterop": false
    },
    "@ionic/angular/standalone": {
      "src": "../../../../../../node_modules/@ionic/angular/fesm2022/ionic-angular-standalone.mjs",
      "file": "@ionic_angular_standalone.js",
      "fileHash": "cf7ba9b9",
      "needsInterop": false
    },
    "jwt-decode": {
      "src": "../../../../../../node_modules/jwt-decode/build/esm/index.js",
      "file": "jwt-decode.js",
      "fileHash": "d00014bc",
      "needsInterop": false
    }
  },
  "chunks": {
    "status-tap-XJMXWETM": {
      "file": "status-tap-XJMXWETM.js"
    },
    "input-shims-KUSHTL6S": {
      "file": "input-shims-KUSHTL6S.js"
    },
    "focus-visible-RAFDA6YZ": {
      "file": "focus-visible-RAFDA6YZ.js"
    },
    "hardware-back-button-NP6G2WZF": {
      "file": "hardware-back-button-NP6G2WZF.js"
    },
    "ios.transition-4047cb68-A5DVBHW3": {
      "file": "ios__transition-4047cb68-A5DVBHW3.js"
    },
    "md.transition-30ce8d1b-JEGYBGVU": {
      "file": "md__transition-30ce8d1b-JEGYBGVU.js"
    },
    "dom-3FHNNQ6P": {
      "file": "dom-3FHNNQ6P.js"
    },
    "core-js-UR6QH4NU": {
      "file": "core-js-UR6QH4NU.js"
    },
    "swipe-back-EUY2WVIZ": {
      "file": "swipe-back-EUY2WVIZ.js"
    },
    "keyboard2-USZOTB33": {
      "file": "keyboard2-USZOTB33.js"
    },
    "index9-OORIQ2GK": {
      "file": "index9-OORIQ2GK.js"
    },
    "chunk-HV7BMKCE": {
      "file": "chunk-HV7BMKCE.js"
    },
    "chunk-RHG7RFIU": {
      "file": "chunk-RHG7RFIU.js"
    },
    "chunk-3J4LGGM5": {
      "file": "chunk-3J4LGGM5.js"
    },
    "chunk-KTF5IVP7": {
      "file": "chunk-KTF5IVP7.js"
    },
    "chunk-7Q5HCUSL": {
      "file": "chunk-7Q5HCUSL.js"
    },
    "chunk-EUT5B6DW": {
      "file": "chunk-EUT5B6DW.js"
    },
    "chunk-YYDXBVMM": {
      "file": "chunk-YYDXBVMM.js"
    },
    "chunk-2JEBYUUE": {
      "file": "chunk-2JEBYUUE.js"
    },
    "chunk-GJTTRKZQ": {
      "file": "chunk-GJTTRKZQ.js"
    },
    "chunk-OWZCGQFQ": {
      "file": "chunk-OWZCGQFQ.js"
    },
    "web-BLN7F6OH": {
      "file": "web-BLN7F6OH.js"
    },
    "shadow-css-KQBFNRGS": {
      "file": "shadow-css-KQBFNRGS.js"
    },
    "ios.transition-CD7QQMJD": {
      "file": "ios__transition-CD7QQMJD.js"
    },
    "chunk-K464HS4E": {
      "file": "chunk-K464HS4E.js"
    },
    "md.transition-CO3PRH2Z": {
      "file": "md__transition-CO3PRH2Z.js"
    },
    "chunk-ATC26SPU": {
      "file": "chunk-ATC26SPU.js"
    },
    "chunk-VJ3WDX24": {
      "file": "chunk-VJ3WDX24.js"
    },
    "chunk-RLWKXT3T": {
      "file": "chunk-RLWKXT3T.js"
    },
    "chunk-L6BHBXTE": {
      "file": "chunk-L6BHBXTE.js"
    },
    "chunk-ZWBDDU4U": {
      "file": "chunk-ZWBDDU4U.js"
    },
    "chunk-CJ5MJUPJ": {
      "file": "chunk-CJ5MJUPJ.js"
    },
    "index3-VXTLLDIH": {
      "file": "index3-VXTLLDIH.js"
    },
    "chunk-4AF7KAXZ": {
      "file": "chunk-4AF7KAXZ.js"
    },
    "chunk-REEHQKXM": {
      "file": "chunk-REEHQKXM.js"
    },
    "chunk-VBHVXYXA": {
      "file": "chunk-VBHVXYXA.js"
    },
    "chunk-2GSPJQ3B": {
      "file": "chunk-2GSPJQ3B.js"
    },
    "chunk-BNSQYSXR": {
      "file": "chunk-BNSQYSXR.js"
    },
    "chunk-DGH6NDEY": {
      "file": "chunk-DGH6NDEY.js"
    },
    "chunk-FG7QRQEB": {
      "file": "chunk-FG7QRQEB.js"
    },
    "chunk-JHK25XNV": {
      "file": "chunk-JHK25XNV.js"
    },
    "chunk-VPQIBSAT": {
      "file": "chunk-VPQIBSAT.js"
    },
    "chunk-7IZRYL2Z": {
      "file": "chunk-7IZRYL2Z.js"
    },
    "chunk-ZVATTXSA": {
      "file": "chunk-ZVATTXSA.js"
    }
  }
}